round	task_id	agent_time_ms	status	conflicted_file	notes
1	task-01	0	merged		helper tests passed
2	task-02	0	merged		production build passed
3	task-03	0	merged		production build passed
4	task-04	0	merged		AI draft normalization tests passed
5	task-05	0	merged		TypeScript build and Worker dry-run passed
6	task-06	0	merged		production build passed
7	task-07	0	merged		Instagram helper tests passed
8	task-08	0	merged		production build passed
9	task-09	0	merged		printable table shape tests passed
10	task-10	0	merged		production build and Worker dry-run passed
11	task-11	0	merged		direct PDF helper tests passed
12	task-12	0	merged		direct PDF sample and production build passed
13	task-13	0	merged		extended intake helper tests passed
14	task-14	0	merged		Worker dry-run passed with local wrangler log permission warning
15	task-15	0	merged		production build passed
16	task-16	0	merged		branded light-color weekly table PDF verified with tests and sample export
17	task-17	0	merged		removed early and mid-morning PDF columns and added styled guideline page
18	task-18	0	merged		client detail route, diet history actions, and deletion support verified
